StationID,date,flow_cfs,days
BTC,2011-10,8320.5,31
BTC,2011-11,7147.2,30
BTC,2011-12,5800.9,31
BTC,2012-01,7841.8,31
BTC,2012-02,6047.8,29
BTC,2012-03,10256.3,31
BTC,2012-04,11404.5,30
BTC,2012-05,7199.6,31
BTC,2012-06,8144.8,30
BTC,2012-07,10056.6,31
BTC,2012-08,8723.7,31
BTC,2012-09,6655.2,30
BTC,2012-10,5359.1,31
BTC,2012-11,6010.0,30
BTC,2012-12,23280.0,31
BTC,2013-01,8881.5,31
BTC,2013-02,6755.0,28
BTC,2013-03,6122.4,31
BTC,2013-04,7021.3,30
BTC,2013-05,8218.7,31
BTC,2013-06,9054.3,30
BTC,2013-07,9587.0,31
BTC,2013-08,7521.8,31
BTC,2013-09,6226.5,30
BTC,2013-10,4816.7,29
BTC,2013-11,4699.7,28
BTC,2013-12,4112.0,31
BTC,2014-01,3550.9,31
BTC,2014-02,5230.0,28
BTC,2014-03,9075.7,31
BTC,2014-04,5505.3,30
BTC,2014-05,4613.6,31
BTC,2014-06,6192.4,29
BTC,2014-07,6046.4,31
BTC,2014-08,5446.1,31
BTC,2014-09,4607.5,30
BTC,2014-10,4056.8,31
BTC,2014-11,4780.8,30
BTC,2014-12,21853.8,31
BTC,2015-01,5750.4,31
BTC,2015-02,10631.2,28
BTC,2015-03,5074.8,31
BTC,2015-04,4642.2,30
BTC,2015-05,5562.8,31
BTC,2015-06,4939.7,30
BTC,2015-07,4642.7,31
BTC,2015-08,5102.6,31
BTC,2015-09,6071.2,30
BTC,2015-10,5788.7,31
BTC,2015-11,4694.0,30
BTC,2015-12,7704.0,31
BTC,2016-01,22226.1,31
BTC,2016-02,9095.2,29
BTC,2016-03,29034.1,31
BTC,2016-04,7934.6,30
BTC,2016-05,4780.1,31
BTC,2016-06,5273.3,30
BTC,2016-07,6006.3,31
BTC,2016-08,7161.8,31
BTC,2016-09,7561.2,30
BTC,2016-10,6200.4,31
BTC,2016-11,7956.6,30
BTC,2016-12,19185.9,31
BTC,2017-01,52166.2,31
BTC,2017-02,79147.0,27
BTC,2017-03,36354.7,31
BTC,2017-04,31652.9,30
BTC,2017-05,14432.7,31
BTC,2017-06,10606.0,30
BTC,2017-07,8318.7,31
BTC,2017-08,8574.1,31
BTC,2017-09,8884.6,30
BTC,2017-10,7813.2,31
BTC,2017-11,7524.1,30
BTC,2017-12,5797.4,31
BTC,2018-01,7973.1,31
BTC,2018-02,5606.2,28
BTC,2018-03,9020.6,31
BTC,2018-04,10227.4,30
BTC,2018-05,6995.7,31
BTC,2018-06,7414.2,30
BTC,2018-07,9164.7,31
BTC,2018-08,8514.4,31
BTC,2018-09,7638.8,30
BTC,2018-10,6368.8,31
BTC,2018-11,5100.9,30
BTC,2018-12,7246.7,31
BTC,2019-01,18886.9,31
BTC,2019-02,32085.1,28
BTC,2019-03,53259.6,31
BTC,2019-04,34737.6,30
BTC,2019-05,12375.5,31
BTC,2019-06,11662.9,30
BTC,2019-07,8696.8,31
BTC,2019-08,9035.1,30
BTC,2019-09,8523.6,30
BTC,2019-10,7337.7,31
BTC,2019-11,5142.7,30
BTC,2019-12,9084.6,31
BTC,2020-01,9518.5,31
BTC,2020-02,6960.8,29
BTC,2020-03,6972.1,31
BTC,2020-04,7275.0,30
BTC,2020-05,8633.9,31
BTC,2020-06,9012.9,30
BTC,2020-07,9135.4,31
BTC,2020-08,7815.9,31
BTC,2020-09,6642.6,30
BTC,2020-10,4750.7,31
BTC,2020-11,4970.2,30
BTC,2020-12,4357.4,31
BTC,2021-01,5007.6,31
BTC,2021-02,5938.4,28
BTC,2021-03,5228.9,31
BTC,2021-04,5025.6,29
BTC,2021-05,5994.3,31
BTC,2021-06,4779.8,30
BTC,2021-07,6061.2,31
BTC,2021-08,5994.0,31
BTC,2021-09,5498.9,30
BTC,2021-10,7967.8,31
BTC,2021-11,5537.7,30
BTC,2021-12,8670.9,31
BTC,2022-01,7260.0,31
BTC,2022-02,4424.9,28
BTC,2022-03,3916.1,31
BTC,2022-04,4615.9,30
BTC,2022-05,3790.1,31
BTC,2022-06,3358.0,30
BTC,2022-07,3227.3,31
BTC,2022-08,3216.4,31
BTC,2022-09,2950.6,14
BTC,2023-02,7825.5,28
BTC,2023-03,28926.5,31
BTC,2023-04,13966.0,30
BTC,2023-05,15210.2,31
BTC,2023-06,8611.9,30
BTC,2023-07,7236.3,31
BTC,2023-08,7356.4,31
BTC,2023-09,6835.3,30
BTC,2023-10,5713.0,31
BTC,2023-11,5474.6,30
BTC,2023-12,7381.4,31
BTC,2024-01,16604.9,31
BTC,2024-02,47128.9,29
BTC,2024-03,25649.0,31
BTC,2024-04,16481.6,30
BTC,2024-05,10340.3,31
BTC,2024-06,7552.2,30
BTC,2024-07,9407.8,31
BTC,2024-08,9197.3,31
BTC,2024-09,7329.5,30
BTC,2024-10,7653.5,16
BTC,2025-12,34435.3,28
BTC,2026-01,27836.5,31
BTC,2026-02,21222.0,28
BTC,2026-03,10484.5,31
BTC,2026-04,8995.2,30
BTC,2026-05,7095.7,30
BTC,2026-06,8224.3,28
BTC,2026-07,8511.5,31
BTC,2026-08,8040.5,31
BTC,2026-09,5642.8,30
CLV,2011-10,317.3,31
CLV,2011-11,277.3,30
CLV,2011-12,204.5,31
CLV,2012-01,658.5,31
CLV,2012-02,231.6,29
CLV,2012-03,1598.2,31
CLV,2012-04,1083.1,30
CLV,2012-05,252.1,31
CLV,2012-06,149.5,30
CLV,2012-07,148.6,31
CLV,2012-08,162.6,31
CLV,2012-09,151.5,30
CLV,2012-10,197.0,30
CLV,2012-11,599.6,30
CLV,2012-12,3673.5,31
CLV,2013-01,854.5,31
CLV,2013-02,332.5,28
CLV,2013-03,318.3,31
CLV,2013-04,262.6,30
CLV,2013-05,112.8,31
CLV,2013-06,91.2,30
CLV,2013-07,112.4,31
CLV,2013-08,116.8,31
CLV,2013-09,130.4,30
CLV,2013-10,119.6,29
CLV,2013-11,112.0,28
CLV,2013-12,112.5,31
CLV,2014-01,43.9,31
CLV,2014-02,402.2,28
CLV,2014-03,759.8,31
CLV,2014-04,489.7,30
CLV,2014-05,67.6,31
CLV,2014-06,106.5,27
CLV,2014-07,108.8,31
CLV,2014-08,112.9,31
CLV,2014-09,81.1,30
CLV,2014-10,74.3,31
CLV,2014-11,73.9,30
CLV,2014-12,2095.1,31
CLV,2015-01,164.2,31
CLV,2015-02,1376.8,28
CLV,2015-03,269.7,31
CLV,2015-04,228.3,30
CLV,2015-05,98.2,31
CLV,2015-06,79.8,30
CLV,2015-07,74.6,31
CLV,2015-08,89.7,31
CLV,2015-09,88.8,30
CLV,2015-10,81.4,31
CLV,2015-11,97.3,30
CLV,2015-12,938.1,31
CLV,2016-01,2873.2,31
CLV,2016-02,722.7,29
CLV,2016-03,3481.6,31
CLV,2016-04,443.0,30
CLV,2016-05,187.4,31
CLV,2016-06,149.5,30
CLV,2016-07,155.6,31
CLV,2016-08,175.3,31
CLV,2016-09,160.2,30
CLV,2016-10,204.8,31
CLV,2016-11,538.0,30
CLV,2016-12,1799.2,31
CLV,2017-01,6331.0,31
CLV,2017-02,6175.4,27
CLV,2017-03,1531.0,31
CLV,2017-04,1178.0,30
CLV,2017-05,341.5,31
CLV,2017-06,179.4,30
CLV,2017-07,155.4,31
CLV,2017-08,169.5,31
CLV,2017-09,169.3,30
CLV,2017-10,179.5,31
CLV,2017-11,201.1,30
CLV,2017-12,173.4,31
CLV,2018-01,618.5,31
CLV,2018-02,214.3,28
CLV,2018-03,917.7,31
CLV,2018-04,947.1,30
CLV,2018-05,231.9,31
CLV,2018-06,104.6,30
CLV,2018-07,131.8,31
CLV,2018-08,143.6,31
CLV,2018-09,130.0,30
CLV,2018-10,119.3,27
CLV,2018-11,116.1,30
CLV,2018-12,333.2,31
CLV,2019-01,2238.4,31
CLV,2019-02,5967.5,28
CLV,2019-03,2934.6,31
CLV,2019-04,861.1,30
CLV,2019-05,695.6,31
CLV,2019-06,260.7,30
CLV,2019-07,140.2,31
CLV,2019-08,163.6,30
CLV,2019-09,169.0,30
CLV,2019-10,187.1,31
CLV,2019-11,204.1,30
CLV,2019-12,456.2,31
CLV,2020-01,672.1,31
CLV,2020-02,302.4,29
CLV,2020-03,221.5,31
CLV,2020-04,164.5,30
CLV,2020-05,102.8,31
CLV,2020-06,93.9,30
CLV,2020-07,119.3,31
CLV,2020-08,115.3,31
CLV,2020-09,116.1,30
CLV,2020-10,102.8,31
CLV,2020-11,109.0,30
CLV,2020-12,124.4,31
CLV,2021-01,298.9,31
CLV,2021-02,349.6,28
CLV,2021-03,240.5,31
CLV,2021-04,68.2,29
CLV,2021-05,40.0,31
CLV,2021-06,55.0,30
CLV,2021-07,58.7,30
CLV,2021-08,69.0,31
CLV,2021-09,53.8,30
CLV,2021-10,446.4,31
CLV,2021-11,240.9,30
CLV,2021-12,1288.7,31
CLV,2022-01,594.9,31
CLV,2022-02,188.9,28
CLV,2022-03,83.0,31
CLV,2022-04,168.4,30
CLV,2022-05,65.4,31
CLV,2022-06,57.9,30
CLV,2022-07,55.4,31
CLV,2022-08,60.0,31
CLV,2022-09,67.4,30
CLV,2022-10,45.2,31
CLV,2022-11,39.7,30
CLV,2022-12,797.2,31
CLV,2023-01,4533.5,31
CLV,2023-02,770.8,28
CLV,2023-03,3342.0,31
CLV,2023-04,788.6,30
CLV,2023-05,346.7,31
CLV,2023-06,168.8,30
CLV,2023-07,133.3,31
CLV,2023-08,151.2,31
CLV,2023-09,148.9,30
CLV,2023-10,167.8,31
CLV,2023-11,180.3,30
CLV,2023-12,718.7,31
CLV,2024-01,1934.8,31
CLV,2024-02,4059.2,29
CLV,2024-03,2286.4,31
CLV,2024-04,662.2,30
CLV,2024-05,380.4,31
CLV,2024-06,216.7,30
CLV,2024-07,167.8,31
CLV,2024-08,173.1,31
CLV,2024-09,169.1,30
CLV,2024-10,174.9,31
CLV,2024-11,1240.1,30
CLV,2024-12,2533.5,31
CLV,2025-01,1227.6,28
CLV,2025-02,3714.8,28
CLV,2025-03,1210.6,31
CLV,2025-04,839.6,30
CLV,2025-05,300.0,31
CLV,2025-06,219.4,30
CLV,2025-07,160.6,31
CLV,2025-08,165.3,31
CLV,2025-09,184.2,30
CLV,2025-10,168.5,31
CLV,2025-11,242.6,30
CLV,2025-12,1768.5,31
CLV,2026-01,1846.0,31
CLV,2026-02,1470.8,28
CLV,2026-03,620.9,31
CLV,2026-04,301.1,30
CLV,2026-05,144.4,29
CLV,2026-06,101.3,28
CLV,2026-07,104.2,31
CLV,2026-08,120.2,31
CLV,2026-09,116.4,30
OBB,2011-10,1814.8,31
OBB,2011-11,398.4,18
OBB,2011-12,345.7,23
OBB,2012-01,420.6,24
OBB,2012-02,322.0,29
OBB,2012-03,244.3,31
OBB,2012-04,1167.6,30
OBB,2012-05,1047.4,31
OBB,2012-06,704.5,30
OBB,2012-07,380.9,31
OBB,2012-08,281.5,31
OBB,2012-09,246.8,30
OBB,2012-10,599.1,20
OBB,2012-11,237.2,5
OBB,2012-12,276.4,31
OBB,2013-01,253.0,31
OBB,2013-02,1198.4,28
OBB,2013-03,467.2,31
OBB,2013-04,1336.3,30
OBB,2013-05,1397.7,31
OBB,2013-06,317.5,30
OBB,2013-07,321.9,31
OBB,2013-08,250.3,31
OBB,2013-09,254.8,30
OBB,2013-10,620.8,29
OBB,2013-11,295.2,28
OBB,2013-12,236.4,31
OBB,2014-01,289.2,31
OBB,2014-02,266.0,28
OBB,2014-03,426.8,31
OBB,2014-04,1648.9,30
OBB,2014-05,1376.4,31
OBB,2014-06,268.1,29
OBB,2014-07,306.8,31
OBB,2014-08,241.1,31
OBB,2014-09,193.5,30
OBB,2014-10,446.5,31
OBB,2014-11,381.9,30
OBB,2014-12,227.2,31
OBB,2015-01,267.5,31
OBB,2015-02,315.9,28
OBB,2015-03,492.9,31
OBB,2015-04,520.5,30
OBB,2015-05,165.5,31
OBB,2015-06,212.8,30
OBB,2015-07,182.7,31
OBB,2015-08,194.6,31
OBB,2015-09,200.0,30
OBB,2015-10,476.4,31
OBB,2015-11,392.5,30
OBB,2015-12,236.2,31
OBB,2016-01,288.1,31
OBB,2016-02,202.6,29
OBB,2016-03,252.3,31
OBB,2016-04,1226.8,30
OBB,2016-05,1576.6,31
OBB,2016-06,513.2,30
OBB,2016-07,321.0,27
OBB,2016-08,238.0,31
OBB,2016-09,175.1,30
OBB,2016-10,821.1,31
OBB,2016-11,342.4,30
OBB,2016-12,266.4,31
OBB,2017-01,829.9,31
OBB,2017-02,943.6,27
OBB,2017-03,914.8,31
OBB,2017-04,2448.3,30
OBB,2017-05,4895.6,31
OBB,2017-06,3144.7,30
OBB,2017-07,1386.5,31
OBB,2017-08,1402.0,31
OBB,2017-09,390.5,30
OBB,2017-10,828.5,31
OBB,2017-11,907.0,30
OBB,2017-12,1242.4,31
OBB,2018-01,950.7,27
OBB,2018-02,1237.7,28
OBB,2018-03,258.7,31
OBB,2018-04,1404.6,30
OBB,2018-05,2419.8,31
OBB,2018-06,773.8,30
OBB,2018-07,295.8,31
OBB,2018-08,178.1,31
OBB,2018-09,277.1,30
OBB,2018-10,681.9,31
OBB,2018-11,344.6,30
OBB,2018-12,283.9,31
OBB,2019-01,169.8,31
OBB,2019-02,1350.5,28
OBB,2019-03,4202.2,31
OBB,2019-04,4058.6,30
OBB,2019-05,2204.7,31
OBB,2019-06,1516.1,30
OBB,2019-07,2205.0,31
OBB,2019-08,1147.8,30
OBB,2019-09,258.9,30
OBB,2019-10,728.0,31
OBB,2019-11,529.6,30
OBB,2019-12,1745.9,31
OBB,2020-01,798.6,31
OBB,2020-02,1307.7,29
OBB,2020-03,616.9,31
OBB,2020-04,621.6,30
OBB,2020-05,1156.1,31
OBB,2020-06,1177.3,30
OBB,2020-07,161.9,31
OBB,2020-08,191.7,31
OBB,2020-09,217.3,30
OBB,2020-10,627.1,31
OBB,2020-11,219.1,30
OBB,2020-12,195.2,31
OBB,2021-01,221.0,31
OBB,2021-02,362.4,28
OBB,2021-03,352.6,31
OBB,2021-04,847.9,29
OBB,2021-05,778.9,31
OBB,2021-06,1432.4,30
OBB,2021-07,1460.2,31
OBB,2021-08,749.5,31
OBB,2021-09,216.1,30
OBB,2021-10,578.0,31
OBB,2021-11,274.9,30
OBB,2021-12,380.0,31
OBB,2022-01,220.6,31
OBB,2022-02,1050.4,28
OBB,2022-03,436.4,31
OBB,2022-04,479.6,30
OBB,2022-05,668.3,31
OBB,2022-06,808.0,30
OBB,2022-07,294.5,31
OBB,2022-08,255.6,31
OBB,2022-09,269.7,30
OBB,2022-10,645.8,31
OBB,2022-11,148.2,30
OBB,2022-12,420.3,31
OBB,2023-01,940.2,31
OBB,2023-02,292.8,28
OBB,2023-03,1367.0,31
OBB,2023-04,1431.7,30
OBB,2023-05,1350.9,31
OBB,2023-06,1436.0,30
OBB,2023-07,1170.1,31
OBB,2023-08,1293.9,31
OBB,2023-09,342.7,30
OBB,2023-10,901.7,31
OBB,2023-11,208.2,30
OBB,2023-12,205.1,31
OBB,2024-01,1049.6,31
OBB,2024-02,1536.0,29
OBB,2024-03,1271.8,31
OBB,2024-04,991.8,30
OBB,2024-05,1517.6,31
OBB,2024-06,1539.9,30
OBB,2024-07,360.7,31
OBB,2024-08,290.7,31
OBB,2024-09,260.0,30
OBB,2024-10,602.8,31
OBB,2024-11,297.9,30
OBB,2024-12,190.6,31
OBB,2025-01,224.1,31
OBB,2025-02,367.4,28
OBB,2025-03,329.9,31
OBB,2025-04,720.7,30
OBB,2025-05,1331.1,31
OBB,2025-06,1208.7,30
OBB,2025-07,332.7,31
OBB,2025-08,279.5,31
OBB,2025-09,256.8,30
OBB,2025-10,814.2,31
OBB,2025-11,323.4,30
OBB,2025-12,273.8,31
OBB,2026-01,409.3,30
OBB,2026-02,747.8,28
OBB,2026-03,277.9,31
OBB,2026-04,1188.0,22
OBB,2026-05,1220.2,31
OBB,2026-06,1306.1,29
OBB,2026-07,304.1,31
OBB,2026-08,231.6,31
OBB,2026-09,246.0,30
PCN,2011-10,101.3,31
PCN,2011-11,104.8,30
PCN,2011-12,73.7,31
PCN,2012-01,88.1,31
PCN,2012-02,77.0,29
PCN,2012-03,102.2,31
PCN,2012-04,166.8,30
PCN,2012-05,50.0,31
PCN,2012-06,17.6,30
PCN,2012-07,6.9,31
PCN,2012-08,2.5,31
PCN,2012-09,4.0,30
PCN,2012-10,27.7,31
PCN,2012-11,53.3,30
PCN,2012-12,199.0,31
PCN,2013-01,116.9,31
PCN,2013-02,196.8,28
PCN,2013-03,154.5,31
PCN,2013-04,93.7,30
PCN,2013-05,17.6,31
PCN,2013-06,14.1,29
PCN,2013-07,1.4,31
PCN,2013-08,4.2,31
PCN,2013-09,1.1,30
PCN,2013-10,10.5,29
PCN,2013-11,45.1,28
PCN,2013-12,36.2,31
PCN,2014-01,37.7,31
PCN,2014-02,35.0,28
PCN,2014-03,61.4,31
PCN,2014-04,13.2,30
PCN,2014-05,0.5,31
PCN,2014-06,0.0,29
PCN,2014-07,0.2,31
PCN,2014-08,1.0,31
PCN,2014-09,0.5,30
PCN,2014-10,11.8,31
PCN,2014-11,30.5,30
PCN,2014-12,120.6,31
PCN,2015-01,62.2,31
PCN,2015-02,106.0,28
PCN,2015-03,10.4,31
PCN,2015-04,1.6,30
PCN,2015-05,152.8,31
PCN,2015-06,12.0,29
PCN,2015-07,1.7,31
PCN,2015-08,2.6,31
PCN,2015-09,3.8,30
PCN,2015-10,2.0,31
PCN,2015-11,37.9,30
PCN,2015-12,182.3,31
PCN,2016-01,547.0,31
PCN,2016-02,382.2,29
PCN,2016-03,607.1,31
PCN,2016-04,388.6,30
PCN,2016-05,318.4,31
PCN,2016-06,47.2,30
PCN,2016-07,4.9,31
PCN,2016-08,4.4,31
PCN,2016-09,3.3,30
PCN,2016-10,76.5,31
PCN,2016-11,44.1,30
PCN,2016-12,142.8,31
PCN,2017-01,642.1,31
PCN,2017-02,2288.1,27
PCN,2017-03,1014.9,31
PCN,2017-04,650.4,30
PCN,2017-05,359.3,31
PCN,2017-06,157.5,30
PCN,2017-07,27.0,31
PCN,2017-08,58.8,31
PCN,2017-09,40.5,27
PCN,2017-10,74.7,31
PCN,2017-11,135.7,30
PCN,2017-12,74.9,31
PCN,2018-01,122.1,31
PCN,2018-02,78.7,28
PCN,2018-03,299.8,31
PCN,2018-04,388.6,30
PCN,2018-05,376.1,30
PCN,2018-06,110.8,30
PCN,2018-07,4.4,27
PCN,2018-08,2.9,27
PCN,2018-09,14.6,30
PCN,2018-10,56.7,31
PCN,2018-11,62.3,30
PCN,2018-12,67.5,31
PCN,2019-01,195.7,31
PCN,2019-02,797.4,28
PCN,2019-03,1080.1,31
PCN,2019-04,1460.8,30
PCN,2019-05,541.1,31
PCN,2019-06,298.9,30
PCN,2019-07,14.3,31
PCN,2019-08,21.4,30
PCN,2019-09,64.7,30
PCN,2019-10,72.0,31
PCN,2019-11,105.6,30
PCN,2019-12,94.5,31
PCN,2020-01,186.8,31
PCN,2020-02,94.1,29
PCN,2020-03,147.5,31
PCN,2020-04,49.3,30
PCN,2020-05,32.6,31
PCN,2020-06,23.0,30
PCN,2020-07,9.9,31
PCN,2020-08,10.2,31
PCN,2020-09,8.0,30
PCN,2020-10,24.3,31
PCN,2020-11,56.4,30
PCN,2020-12,54.9,31
PCN,2021-01,65.4,31
PCN,2021-02,89.0,28
PCN,2021-03,51.1,31
PCN,2021-04,3.8,29
PCN,2021-05,1.0,31
PCN,2021-06,0.7,30
PCN,2021-07,1.3,31
PCN,2021-08,2.7,31
PCN,2021-09,11.3,30
PCN,2021-10,76.4,31
PCN,2021-11,29.5,30
PCN,2021-12,68.7,31
PCN,2022-01,193.3,31
PCN,2022-02,32.5,28
PCN,2022-03,16.7,31
PCN,2022-04,9.2,30
PCN,2022-05,13.5,31
PCN,2022-06,0.8,30
PCN,2022-07,0.1,31
PCN,2022-08,0.3,31
PCN,2022-09,0.5,30
PCN,2022-10,0.4,31
PCN,2022-11,31.3,30
PCN,2022-12,157.4,31
PCN,2023-01,379.2,31
PCN,2023-02,88.5,28
PCN,2023-03,736.1,31
PCN,2023-04,495.5,30
PCN,2023-05,492.4,31
PCN,2023-06,244.9,30
PCN,2023-07,11.3,31
PCN,2023-08,2.5,31
PCN,2023-09,14.0,30
PCN,2023-10,53.4,31
PCN,2023-11,68.2,30
PCN,2023-12,69.0,31
PCN,2024-01,140.7,31
PCN,2024-02,202.2,29
PCN,2024-03,381.5,31
PCN,2024-04,323.4,30
PCN,2024-05,344.7,31
PCN,2024-06,12.9,30
PCN,2024-07,1.9,31
PCN,2024-08,5.7,31
PCN,2024-09,6.2,30
PCN,2024-10,43.3,31
PCN,2024-11,153.0,30
PCN,2024-12,209.3,31
PCN,2025-01,227.3,31
PCN,2025-02,1876.6,28
PCN,2025-03,528.3,31
PCN,2025-04,500.4,30
PCN,2025-05,406.8,31
PCN,2025-06,40.9,30
PCN,2025-07,5.7,31
PCN,2025-08,9.9,31
PCN,2025-09,33.1,30
PCN,2025-10,71.5,31
PCN,2025-11,87.2,30
PCN,2025-12,223.5,31
PCN,2026-01,136.5,31
PCN,2026-02,223.1,28
PCN,2026-03,172.3,31
PCN,2026-04,20.0,30
PCN,2026-05,3.8,30
PCN,2026-06,1.8,29
PCN,2026-07,0.8,31
PCN,2026-08,1.0,2
POH,2011-10,201.4,31
POH,2011-11,73.6,30
POH,2011-12,44.7,31
POH,2012-01,81.9,31
POH,2012-02,110.1,29
POH,2012-03,268.6,31
POH,2012-04,1323.4,30
POH,2012-05,1394.7,31
POH,2012-06,351.9,30
POH,2012-07,77.9,31
POH,2012-08,68.1,31
POH,2012-09,25.6,30
POH,2012-10,20.3,31
POH,2012-11,52.3,30
POH,2012-12,310.4,31
POH,2013-01,216.1,31
POH,2013-02,199.4,28
POH,2013-03,534.9,31
POH,2013-04,1383.0,30
POH,2013-05,1267.4,30
POH,2013-06,466.9,30
POH,2013-07,99.5,31
POH,2013-08,28.3,31
POH,2013-09,23.1,30
POH,2013-10,23.3,29
POH,2013-11,21.3,28
POH,2013-12,23.4,31
POH,2014-01,21.1,31
POH,2014-02,99.9,28
POH,2014-03,296.2,31
POH,2014-04,880.9,30
POH,2014-05,1097.1,31
POH,2014-06,359.3,29
POH,2014-07,95.3,31
POH,2014-08,27.9,31
POH,2014-09,12.5,30
POH,2014-10,11.3,31
POH,2014-11,17.4,30
POH,2014-12,60.5,31
POH,2015-01,57.4,31
POH,2015-02,293.8,28
POH,2015-03,217.3,31
POH,2015-04,337.3,30
POH,2015-05,531.5,31
POH,2015-06,274.4,30
POH,2015-07,111.5,31
POH,2015-08,29.1,31
POH,2015-09,14.9,30
POH,2015-10,36.1,31
POH,2015-11,113.5,30
POH,2015-12,143.5,31
POH,2016-01,216.6,31
POH,2016-02,464.1,29
POH,2016-03,970.5,31
POH,2016-04,1895.8,30
POH,2016-05,2128.5,31
POH,2016-06,1617.8,30
POH,2016-07,275.0,31
POH,2016-08,49.9,31
POH,2016-09,31.8,30
POH,2016-10,350.0,31
POH,2016-11,246.0,30
POH,2016-12,516.6,31
POH,2017-01,1354.5,31
POH,2017-02,1804.7,27
POH,2017-03,1426.3,31
POH,2017-04,2738.1,30
POH,2017-05,5263.5,31
POH,2017-06,4536.8,30
POH,2017-07,1426.8,31
POH,2017-08,372.0,31
POH,2017-09,142.7,30
POH,2017-10,57.0,31
POH,2017-11,208.9,30
POH,2017-12,99.1,31
POH,2018-01,196.3,31
POH,2018-02,135.4,28
POH,2018-03,613.2,31
POH,2018-04,2503.8,30
POH,2018-05,1654.0,31
POH,2018-06,707.8,30
POH,2018-07,215.0,31
POH,2018-08,67.7,31
POH,2018-09,29.2,30
POH,2018-10,31.8,31
POH,2018-11,34.2,30
POH,2018-12,80.4,29
POH,2019-01,158.5,31
POH,2019-02,476.8,28
POH,2019-03,564.9,31
POH,2019-04,2183.1,30
POH,2019-05,3224.5,31
POH,2019-06,4026.0,30
POH,2019-07,1252.0,31
POH,2019-08,239.3,30
POH,2019-09,79.4,30
POH,2019-10,37.3,31
POH,2019-11,27.5,30
POH,2019-12,64.9,31
POH,2020-01,65.0,31
POH,2020-02,107.9,29
POH,2020-03,202.5,31
POH,2020-04,1097.0,30
POH,2020-05,1666.6,31
POH,2020-06,440.1,30
POH,2020-07,72.4,31
POH,2020-08,22.8,31
POH,2020-09,18.9,30
POH,2020-10,17.5,31
POH,2020-11,16.8,30
POH,2020-12,19.7,31
POH,2021-01,29.3,31
POH,2021-02,101.0,28
POH,2021-03,176.6,31
POH,2021-04,950.6,29
POH,2021-05,1076.5,31
POH,2021-06,258.2,30
POH,2021-07,96.6,31
POH,2021-08,42.7,31
POH,2021-09,18.0,30
POH,2021-10,299.9,24
POH,2021-11,231.5,25
POH,2021-12,219.7,22
POH,2022-01,241.0,25
POH,2022-02,321.3,28
POH,2022-03,613.0,31
POH,2022-04,1217.4,25
POH,2022-05,1307.7,31
POH,2022-06,423.6,30
POH,2022-07,83.8,31
POH,2022-08,111.3,31
POH,2022-09,36.6,30
POH,2022-10,25.1,31
POH,2022-11,63.8,30
POH,2022-12,347.5,22
POH,2023-01,742.7,30
POH,2023-02,375.3,24
POH,2023-03,1076.3,23
POH,2023-04,2148.6,30
POH,2023-05,5255.1,31
POH,2023-06,4899.9,30
POH,2023-07,2526.9,31
POH,2023-08,491.3,31
POH,2023-09,192.3,30
POH,2023-10,64.6,31
POH,2023-11,53.8,30
POH,2023-12,68.3,31
POH,2024-01,121.9,30
POH,2024-02,250.0,29
POH,2024-03,421.9,31
POH,2024-04,1803.7,30
POH,2024-05,3041.8,31
POH,2024-06,1450.2,30
POH,2024-07,262.5,31
POH,2024-08,67.7,31
POH,2024-09,30.1,30
POH,2024-10,22.1,31
POH,2024-11,29.9,30
POH,2024-12,86.4,31
POH,2025-01,92.4,31
POH,2025-02,372.8,28
POH,2025-03,611.2,31
POH,2025-04,1629.0,30
POH,2025-05,2177.1,31
POH,2025-06,846.9,30
POH,2025-07,138.0,31
POH,2025-08,57.5,31
POH,2025-09,54.9,30
POH,2025-10,117.0,31
POH,2025-11,310.1,30
POH,2025-12,238.7,31
POH,2026-01,562.7,31
POH,2026-02,467.6,28
POH,2026-03,1570.4,31
POH,2026-04,1237.8,30
POH,2026-05,1325.4,29
POH,2026-06,698.6,29
POH,2026-07,151.2,31
POH,2026-08,39.0,31
POH,2026-09,21.5,30
